{"cameraMode":{"drawMode":0,"name":"Shaded","section":"Shading Mode"},"sceneLighting":false,"audioPlay":false,"sceneViewState":{"showFog":true,"showMaterialUpdate":false,"showSkybox":false,"showFlares":true,"showImageEffects":true,"showParticleSystems":true},"in2DMode":false,"pivot":{"x":-25.69022560119629,"y":-9.246517181396485,"z":-3.6298437118530275},"rotation":{"x":0.22157233953475953,"y":-0.6357075572013855,"z":0.19774998724460603,"w":0.7126176357269287},"size":22.0,"orthographic":false}