{"cameraMode":{"drawMode":0,"name":"Shaded","section":"Shading Mode"},"sceneLighting":false,"audioPlay":false,"sceneViewState":{"showFog":true,"showMaterialUpdate":false,"showSkybox":true,"showFlares":true,"showImageEffects":true,"showParticleSystems":true},"in2DMode":false,"pivot":{"x":-3.8144259452819826,"y":1.3627971410751343,"z":-2.496807098388672},"rotation":{"x":0.27358269691467287,"y":-0.17624053359031678,"z":0.051091644912958148,"w":0.9442794322967529},"size":8.695147514343262,"orthographic":false}