{"cameraMode":{"drawMode":0,"name":"Shaded","section":"Shading Mode"},"sceneLighting":false,"audioPlay":false,"sceneViewState":{"showFog":true,"showMaterialUpdate":false,"showSkybox":true,"showFlares":true,"showImageEffects":true,"showParticleSystems":true},"in2DMode":false,"pivot":{"x":-12.192448616027832,"y":0.6610805988311768,"z":-3.034093141555786},"rotation":{"x":-0.05461687967181206,"y":0.9192955493927002,"z":-0.137538880109787,"w":-0.3650476634502411},"size":8.065715789794922,"orthographic":false}