{"cameraMode":{"drawMode":0,"name":"Shaded","section":"Shading Mode"},"sceneLighting":false,"audioPlay":false,"sceneViewState":{"showFog":true,"showMaterialUpdate":false,"showSkybox":true,"showFlares":true,"showImageEffects":true,"showParticleSystems":true},"in2DMode":false,"pivot":{"x":-0.03007030487060547,"y":0.031286001205444339,"z":0.026317596435546876},"rotation":{"x":-0.005924611818045378,"y":0.9722083806991577,"z":-0.23329666256904603,"w":-0.024802811443805696},"size":22.0,"orthographic":false}