{"cameraMode":{"drawMode":0,"name":"Shaded","section":"Shading Mode"},"sceneLighting":false,"audioPlay":false,"sceneViewState":{"showFog":true,"showMaterialUpdate":false,"showSkybox":true,"showFlares":true,"showImageEffects":true,"showParticleSystems":true},"in2DMode":false,"pivot":{"x":-12.719368934631348,"y":20.114625930786134,"z":35.43315887451172},"rotation":{"x":-0.08924543112516403,"y":-0.9085166454315186,"z":0.32038044929504397,"w":-0.2532508373260498},"size":0.00005715767838410102,"orthographic":false}