{"cameraMode":{"drawMode":0,"name":"Shaded","section":"Shading Mode"},"sceneLighting":false,"audioPlay":false,"sceneViewState":{"showFog":true,"showMaterialUpdate":false,"showSkybox":true,"showFlares":true,"showImageEffects":true,"showParticleSystems":true},"in2DMode":false,"pivot":{"x":-0.807258129119873,"y":0.3835873603820801,"z":-0.22061538696289063},"rotation":{"x":0.007838208228349686,"y":0.9906935095787048,"z":-0.12097547203302384,"w":0.06398575007915497},"size":22.0,"orthographic":false}