{"cameraMode":{"drawMode":0,"name":"Shaded","section":"Shading Mode"},"sceneLighting":false,"audioPlay":false,"sceneViewState":{"showFog":true,"showMaterialUpdate":false,"showSkybox":true,"showFlares":true,"showImageEffects":true,"showParticleSystems":true},"in2DMode":false,"pivot":{"x":-12.551288604736329,"y":18.666217803955079,"z":10.607832908630371},"rotation":{"x":0.009609934873878956,"y":0.0017758470494300128,"z":-0.00002850133751053363,"w":1.0000158548355103},"size":320.8119201660156,"orthographic":false}