{"cameraMode":{"drawMode":0,"name":"Shaded","section":"Shading Mode"},"sceneLighting":false,"audioPlay":false,"sceneViewState":{"showFog":true,"showMaterialUpdate":false,"showSkybox":true,"showFlares":true,"showImageEffects":true,"showParticleSystems":true},"in2DMode":false,"pivot":{"x":0.607164740562439,"y":-1.1663978099822999,"z":2.0037691593170168},"rotation":{"x":-0.18468721210956574,"y":-0.6115325689315796,"z":0.14968612790107728,"w":-0.7547540068626404},"size":7.527653217315674,"orthographic":false}