{"cameraMode":{"drawMode":0,"name":"Shaded","section":"Shading Mode"},"sceneLighting":false,"audioPlay":false,"sceneViewState":{"showFog":true,"showMaterialUpdate":false,"showSkybox":true,"showFlares":true,"showImageEffects":true,"showParticleSystems":true},"in2DMode":false,"pivot":{"x":0.5200004577636719,"y":177.7141876220703,"z":-0.8700000047683716},"rotation":{"x":-0.07707342505455017,"y":-0.7387208938598633,"z":0.0857037752866745,"w":-0.6642006039619446},"size":22.0,"orthographic":false}