{"cameraMode":{"drawMode":0,"name":"Shaded","section":"Shading Mode"},"sceneLighting":false,"audioPlay":false,"sceneViewState":{"showFog":true,"showMaterialUpdate":false,"showSkybox":true,"showFlares":true,"showImageEffects":true,"showParticleSystems":true},"in2DMode":false,"pivot":{"x":0.0,"y":0.6474689245223999,"z":0.16558179259300233},"rotation":{"x":-0.06264534592628479,"y":-0.937436044216156,"z":0.24588879942893983,"w":-0.23896822333335877},"size":5.872587203979492,"orthographic":false}