{"cameraMode":{"drawMode":0,"name":"Shaded","section":"Shading Mode"},"sceneLighting":false,"audioPlay":false,"sceneViewState":{"showFog":true,"showMaterialUpdate":false,"showSkybox":true,"showFlares":true,"showImageEffects":true,"showParticleSystems":true},"in2DMode":false,"pivot":{"x":-0.14410436153411866,"y":1.6944811344146729,"z":14.77389907836914},"rotation":{"x":-0.06946257501840592,"y":-0.9270637631416321,"z":0.21512095630168916,"w":-0.29934829473495486},"size":17.767515182495118,"orthographic":false}